{
  "next_draw_no": 1210,
  "based_on_draws": 1209,
  "computed_at": "2026-02-01T15:56:28.129116",
  "feature_names": [
    "freq_last_10",
    "freq_last_20",
    "freq_last_50",
    "freq_last_100",
    "gap",
    "is_hot",
    "is_cold",
    "moving_avg_5",
    "odd_ratio_last_10",
    "high_ratio_last_10",
    "sum_mean_last_10",
    "sum_std_last_10",
    "consecutive_count_last_10",
    "odd_ratio_last_20",
    "high_ratio_last_20",
    "sum_mean_last_20",
    "draw_number_normalized"
  ],
  "features": [
    [
      0.3,
      0.25,
      0.14,
      0.12,
      3,
      1.0,
      0.0,
      0.13999999999999999,
      0.48333333333333334,
      0.55,
      137.5,
      28.405105174950506,
      0.4,
      0.5166666666666667,
      0.5583333333333333,
      137.8,
      1.0
    ],
    [
      0.2,
      0.1,
      0.1,
      0.1,
      0,
      1.0,
      0.0,
      0.1,
      0.48333333333333334,
      0.55,
      137.5,
      28.405105174950506,
      0.4,
      0.5166666666666667,
      0.5583333333333333,
      137.8,
      1.0
    ],
    [
      0.2,
      0.2,
      0.2,
      0.2,
      3,
      1.0,
      0.0,
      0.2,
      0.48333333333333334,
      0.55,
      137.5,
      28.405105174950506,
      0.4,
      0.5166666666666667,
      0.5583333333333333,
      137.8,
      1.0
    ],
    [
      0.2,
      0.15,
      0.12,
      0.11,
      4,
      1.0,
      0.0,
      0.12,
      0.48333333333333334,
      0.55,
      137.5,
      28.405105174950506,
      0.4,
      0.5166666666666667,
      0.5583333333333333,
      137.8,
      1.0
    ],
    [
      0.1,
      0.1,
      0.12,
      0.11,
      7,
      0.0,
      0.0,
      0.12,
      0.48333333333333334,
      0.55,
      137.5,
      28.405105174950506,
      0.4,
      0.5166666666666667,
      0.5583333333333333,
      137.8,
      1.0
    ],
    [
      0.2,
      0.15,
      0.18,
      0.17,
      1,
      1.0,
      0.0,
      0.18,
      0.48333333333333334,
      0.55,
      137.5,
      28.405105174950506,
      0.4,
      0.5166666666666667,
      0.5583333333333333,
      137.8,
      1.0
    ],
    [
      0.1,
      0.15,
      0.18,
      0.17,
      8,
      0.0,
      0.0,
      0.18000000000000002,
      0.48333333333333334,
      0.55,
      137.5,
      28.405105174950506,
      0.4,
      0.5166666666666667,
      0.5583333333333333,
      137.8,
      1.0
    ],
    [
      0.1,
      0.1,
      0.14,
      0.13,
      5,
      0.0,
      0.0,
      0.14,
      0.48333333333333334,
      0.55,
      137.5,
      28.405105174950506,
      0.4,
      0.5166666666666667,
      0.5583333333333333,
      137.8,
      1.0
    ],
    [
      0.1,
      0.15,
      0.14,
      0.16,
      8,
      0.0,
      0.0,
      0.14,
      0.48333333333333334,
      0.55,
      137.5,
      28.405105174950506,
      0.4,
      0.5166666666666667,
      0.5583333333333333,
      137.8,
      1.0
    ],
    [
      0.1,
      0.1,
      0.06,
      0.1,
      2,
      0.0,
      1.0,
      0.06000000000000001,
      0.48333333333333334,
      0.55,
      137.5,
      28.405105174950506,
      0.4,
      0.5166666666666667,
      0.5583333333333333,
      137.8,
      1.0
    ],
    [
      0.0,
      0.05,
      0.1,
      0.14,
      18,
      0.0,
      0.0,
      0.1,
      0.48333333333333334,
      0.55,
      137.5,
      28.405105174950506,
      0.4,
      0.5166666666666667,
      0.5583333333333333,
      137.8,
      1.0
    ],
    [
      0.1,
      0.15,
      0.16,
      0.15,
      7,
      0.0,
      0.0,
      0.16,
      0.48333333333333334,
      0.55,
      137.5,
      28.405105174950506,
      0.4,
      0.5166666666666667,
      0.5583333333333333,
      137.8,
      1.0
    ],
    [
      0.0,
      0.05,
      0.14,
      0.17,
      15,
      0.0,
      0.0,
      0.13999999999999999,
      0.48333333333333334,
      0.55,
      137.5,
      28.405105174950506,
      0.4,
      0.5166666666666667,
      0.5583333333333333,
      137.8,
      1.0
    ],
    [
      0.0,
      0.0,
      0.08,
      0.09,
      25,
      0.0,
      1.0,
      0.08,
      0.48333333333333334,
      0.55,
      137.5,
      28.405105174950506,
      0.4,
      0.5166666666666667,
      0.5583333333333333,
      137.8,
      1.0
    ],
    [
      0.0,
      0.15,
      0.12,
      0.16,
      13,
      0.0,
      0.0,
      0.12,
      0.48333333333333334,
      0.55,
      137.5,
      28.405105174950506,
      0.4,
      0.5166666666666667,
      0.5583333333333333,
      137.8,
      1.0
    ],
    [
      0.3,
      0.3,
      0.22,
      0.2,
      4,
      1.0,
      0.0,
      0.22000000000000003,
      0.48333333333333334,
      0.55,
      137.5,
      28.405105174950506,
      0.4,
      0.5166666666666667,
      0.5583333333333333,
      137.8,
      1.0
    ],
    [
      0.2,
      0.1,
      0.14,
      0.12,
      0,
      1.0,
      0.0,
      0.14,
      0.48333333333333334,
      0.55,
      137.5,
      28.405105174950506,
      0.4,
      0.5166666666666667,
      0.5583333333333333,
      137.8,
      1.0
    ],
    [
      0.1,
      0.05,
      0.12,
      0.07,
      6,
      0.0,
      0.0,
      0.12000000000000002,
      0.48333333333333334,
      0.55,
      137.5,
      28.405105174950506,
      0.4,
      0.5166666666666667,
      0.5583333333333333,
      137.8,
      1.0
    ],
    [
      0.0,
      0.1,
      0.1,
      0.16,
      16,
      0.0,
      0.0,
      0.1,
      0.48333333333333334,
      0.55,
      137.5,
      28.405105174950506,
      0.4,
      0.5166666666666667,
      0.5583333333333333,
      137.8,
      1.0
    ],
    [
      0.2,
      0.15,
      0.14,
      0.14,
      0,
      1.0,
      0.0,
      0.13999999999999999,
      0.48333333333333334,
      0.55,
      137.5,
      28.405105174950506,
      0.4,
      0.5166666666666667,
      0.5583333333333333,
      137.8,
      1.0
    ],
    [
      0.1,
      0.05,
      0.1,
      0.14,
      7,
      0.0,
      0.0,
      0.1,
      0.48333333333333334,
      0.55,
      137.5,
      28.405105174950506,
      0.4,
      0.5166666666666667,
      0.5583333333333333,
      137.8,
      1.0
    ],
    [
      0.1,
      0.05,
      0.08,
      0.08,
      2,
      0.0,
      1.0,
      0.08,
      0.48333333333333334,
      0.55,
      137.5,
      28.405105174950506,
      0.4,
      0.5166666666666667,
      0.5583333333333333,
      137.8,
      1.0
    ],
    [
      0.1,
      0.15,
      0.18,
      0.1,
      4,
      0.0,
      0.0,
      0.18000000000000002,
      0.48333333333333334,
      0.55,
      137.5,
      28.405105174950506,
      0.4,
      0.5166666666666667,
      0.5583333333333333,
      137.8,
      1.0
    ],
    [
      0.2,
      0.25,
      0.2,
      0.15,
      2,
      1.0,
      0.0,
      0.2,
      0.48333333333333334,
      0.55,
      137.5,
      28.405105174950506,
      0.4,
      0.5166666666666667,
      0.5583333333333333,
      137.8,
      1.0
    ],
    [
      0.0,
      0.05,
      0.12,
      0.11,
      10,
      0.0,
      0.0,
      0.12000000000000002,
      0.48333333333333334,
      0.55,
      137.5,
      28.405105174950506,
      0.4,
      0.5166666666666667,
      0.5583333333333333,
      137.8,
      1.0
    ],
    [
      0.1,
      0.2,
      0.12,
      0.13,
      3,
      0.0,
      0.0,
      0.12,
      0.48333333333333334,
      0.55,
      137.5,
      28.405105174950506,
      0.4,
      0.5166666666666667,
      0.5583333333333333,
      137.8,
      1.0
    ],
    [
      0.4,
      0.25,
      0.2,
      0.18,
      1,
      1.0,
      0.0,
      0.2,
      0.48333333333333334,
      0.55,
      137.5,
      28.405105174950506,
      0.4,
      0.5166666666666667,
      0.5583333333333333,
      137.8,
      1.0
    ],
    [
      0.1,
      0.15,
      0.16,
      0.16,
      5,
      0.0,
      0.0,
      0.16,
      0.48333333333333334,
      0.55,
      137.5,
